medicine_id,category_id,name,brand,unit,description,created_at
1,10,Fantastic Bamboo Mouse,Feil - Kassulke,vial,Totus accendo cuius.,2026-01-15 14:19:42
2,6,Fantastic Gold Salad,Price - Pfannerstill,tablet,Pauci eaque velum ago adeo summopere.,2025-10-04 14:29:37
3,5,Rustic Concrete Ball,Dooley - Farrell,vial,Alias labore cavus patior calcar.,2025-12-03 12:30:18
4,3,Frozen Steel Fish,"Lubowitz, Boyer and Bednar",box,Aestus damnatio cogo tracto alias laboriosam.,2025-01-20 21:51:47
5,5,Fantastic Aluminum Pizza,Koch Inc,box,Vilis vinco vigilo delectus sufficio una alter clarus.,2025-02-17 20:48:36
6,9,Small Marble Bike,Paucek - Turner,tablet,Tardus traho subvenio calculus.,2025-03-10 23:30:33
7,7,Unbranded Granite Gloves,Satterfield - Stamm,box,Taedium vos tripudio tergeo depraedor et contra apostolus.,2025-12-31 09:45:52
8,1,Bespoke Ceramic Mouse,Nader LLC,tablet,Accusamus apparatus atqui vorax tonsor termes.,2025-10-27 18:28:27
9,4,Fresh Bronze Chips,"Bode, Kris and Zieme",bottle,Delego dedecor fugiat despecto uterque confido.,2025-07-31 14:29:43
10,8,Sleek Cotton Cheese,Stokes - Turcotte,box,Clementia communis volubilis solus stella.,2025-10-31 04:45:16
11,5,Bespoke Bamboo Keyboard,Kilback - Shanahan,averto,Coaegresco suasoria pauci vorax cupressus conatus.,2025-11-20 05:42:23
12,7,Awesome Wooden Towels,Collier - Wilkinson,tablet,Trans similique necessitatibus.,2025-06-12 06:55:42
13,8,Handcrafted Aluminum Fish,"Brekke, Buckridge and Hermann",vial,Cogito caecus sonitus succedo clibanus auctor ventosus deludo compello congregatio.,2025-12-10 04:22:49
14,6,Practical Steel Shoes,Gleichner - Witting,bottle,Veniam apparatus vix fuga calco enim ulterius iste cilicium.,2025-01-23 09:48:06
15,2,Ergonomic Aluminum Mouse,Schuster - Kovacek,box,Speculum minima odio ullus suasoria.,2025-04-28 05:41:20
16,6,Intelligent Cotton Ball,"MacGyver, Satterfield and Thiel",vial,Trans sui voluptatibus adeo amicitia.,2025-10-26 20:41:17
17,5,Refined Rubber Shirt,"Daniel, Shields and Heaney",bottle,Solus autem apto ipsa patior.,2025-03-26 21:10:31
18,6,Handcrafted Cotton Tuna,"Koepp, Spinka and Mraz",box,Aegrotatio canis turbo deprecator aqua delectus denique ago.,2025-12-10 08:57:15
19,8,Practical Rubber Sausages,Satterfield - Grady,bottle,Contego pecto consequatur vinculum torqueo asperiores fugiat umbra custodia super.,2025-11-21 14:47:39
20,3,Incredible Marble Fish,Lockman Inc,vial,Coniuratio vere deleniti tibi caritas eius aperio viduo angustus demitto.,2025-06-13 22:52:20
21,2,Licensed Wooden Table,"Ferry, Kub and Konopelski",bottle,Arguo caritas tener subseco dolore traho torrens comparo.,2025-03-14 13:02:04
22,2,Handcrafted Metal Tuna,Thompson Group,tablet,Solium undique statim cornu addo dolorum.,2025-08-28 03:04:38
23,8,Unbranded Plastic Pizza,Smitham Inc,tablet,Deporto adulatio officia sumptus tantillus et vivo ara totidem adimpleo.,2025-05-07 11:52:30
24,4,Modern Gold Ball,Romaguera Inc,box,Vinculum itaque decet conatus teneo ab amplitudo abundans.,2025-08-15 00:56:13
25,7,Electronic Granite Keyboard,"Littel, Jones and Kertzmann",vial,Compello maiores vestigium curo.,2025-11-17 17:30:19
26,9,Ergonomic Bamboo Tuna,Jacobi Group,box,Decens cubicularis cresco currus corrupti.,2026-01-14 15:34:17
27,5,Elegant Bronze Ball,King and Sons,tablet,Canonicus ab certe dapifer decretum adhuc.,2025-05-19 19:25:09
28,4,Electronic Wooden Ball,Corwin - Bosco,vial,Sonitus stipes absum tibi.,2025-06-24 03:50:31
29,5,Tasty Cotton Keyboard,Armstrong - Schulist,box,Acies corpus clamo teneo delectatio adsum usus tergiversatio.,2025-04-19 20:32:53
30,7,,Murphy LLC,bottle,Pax turpis patrocinor placeat timor tempus ater valeo vitium abduco.,2025-12-19 09:35:23
31,8,Practical Bronze Table,Huels LLC,tablet,Nam cuppedia umquam.,2025-10-19 05:50:56
32,6,Licensed Silk Pants,Satterfield Group,tablet,Aperio ullam culpa valens venia in pariatur comprehendo.,2025-03-11 12:50:37
33,8,Practical Marble Cheese,"Feil, Lebsack and Leuschke",tablet,Sonitus valeo atavus uter vis communis taedium dignissimos usque apto.,2025-05-09 14:07:40
34,4,Incredible Silk Chicken,"Feeney, Wiegand and Schimmel",bottle,Aestus adimpleo agnitio desolo clarus repellendus una audentia.,2025-07-18 01:04:40
35,2,Refined Silk Hat,Adams - Dooley,vial,Valens atrocitas curatio maxime absque conforto tero conspergo.,2025-11-27 13:26:38
36,2,Recycled Wooden Pants,"Larkin, Carter and Senger",bottle,Eos vae vulgo cotidie bene.,2025-01-21 14:07:59
37,9,Incredible Steel Tuna,Greenholt - Lynch,tablet,Amissio creber nesciunt non ago confido paulatim vicinus tantillus.,2025-12-27 01:55:23
38,9,Rustic Concrete Ball,Hettinger - Collier,tablet,Adulescens triumphus pauci calculus curriculum suspendo vitiosus depono decretum deorsum.,2025-02-13 13:35:35
39,2,Modern Metal Soap,Murray - Rogahn,tablet,Ullus verus amita.,2025-12-24 13:04:04
40,3,Rustic Silk Computer,Hoeger - Bernier,tablet,Reiciendis inflammatio vilitas placeat sonitus vitiosus vorax calco calco sono.,2025-06-04 14:55:18
41,8,Luxurious Ceramic Computer,Muller and Sons,vial,Triumphus umquam auditor virtus arbor.,2025-08-30 20:02:35
42,10,Handcrafted Steel Tuna,Keeling - Hermiston,vial,Termes vinum eius modi urbs cornu.,2025-12-14 05:05:52
43,9,Handcrafted Plastic Car,Ryan Inc,vial,Sub neque asperiores.,2025-06-17 03:09:28
44,6,Modern Plastic Car,Konopelski Group,vial,Volaticus taedium teneo audax.,2025-08-05 05:49:06
45,2,Generic Cotton Mouse,Corwin Inc,tablet,Verumtamen aestas desidero deprecator voluptate ait cunabula viriliter.,2025-06-30 07:05:45
46,7,Soft Bronze Hat,Durgan - Gerhold,vial,Amet conqueror eius adipiscor odio tui alo cunctatio auxilium aveho.,2025-01-24 04:10:49
47,5,Bespoke Gold Soap,Prohaska - Daniel,tablet,Anser apud cognatus sunt stips viscus convoco eaque.,2025-06-13 00:31:35
48,9,Awesome Bamboo Computer,"Padberg, Boehm and Carroll",box,Facere candidus vobis tredecim deprecator accendo ullam curis sto.,2025-10-09 07:01:19
49,2,Small Wooden Fish,Heller and Sons,vial,Cornu auditor conturbo allatus.,2025-08-03 04:58:42
50,6,Modern Bamboo Sausages,Gulgowski - Hane,tablet,Repellendus desparatus stella voco repellat totus amitto.,2025-01-22 09:38:18
51,7,Handmade Gold Chair,Bednar - O'Connell,tablet,Provident deludo sophismata ocer vilicus desparatus quisquam odio.,2025-10-18 13:19:11
52,8,Incredible Ceramic Bike,Gislason - Moore,vial,Super rerum curo vestigium.,2025-12-17 05:41:40
53,8,Tasty Rubber Car,Lesch Group,tablet,Caelestis appono arca denuo conduco vulgaris.,2025-06-15 03:03:35
54,10,Fresh Marble Pizza,"Rohan, Spencer and Franecki",bottle,Odio cibus capio admoneo.,2025-10-02 14:57:11
55,6,Handcrafted Bamboo Hat,"Ziemann, Grimes and Herman",vial,Commodo molestiae auditor.,2025-11-03 22:59:04
56,2,Unbranded Aluminum Gloves,Hintz - West,box,Strues textus volup.,2025-07-29 09:08:56
57,6,Incredible Wooden Cheese,"McLaughlin, Kshlerin and Boehm",vial,Alius supplanto umquam adeptio.,2025-12-14 04:19:42
58,3,Intelligent Aluminum Pants,Green - Miller,vial,Venustas triumphus vinco viscus deleniti tandem incidunt curia umquam verbera.,2025-07-10 20:09:45
59,7,Fresh Concrete Chips,"Williamson, Leuschke and Murazik",tablet,Supellex aeger porro antea.,2025-12-01 00:43:07
60,6,Awesome Rubber Towels,"Weber, Williamson and Cartwright",tablet,Carpo thorax usitas.,2025-07-22 16:04:45
61,2,Fantastic Granite Shoes,"Runolfsdottir, Turner and Rempel",box,Textor ceno amissio cinis sulum numquam error somnus peccatus spiculum.,2026-01-11 07:13:00
62,4,Refined Plastic Car,Heathcote and Sons,tablet,Cogo vapulus studio administratio degenero absconditus debeo ipsam alioqui demitto.,2025-11-17 12:04:23
63,2,Rustic Aluminum Soap,"Prosacco, Marvin and Murray",box,Addo agnitio volaticus corroboro umbra arma aestas.,2025-03-09 18:22:03
64,5,Practical Bronze Ball,"Hand, Hoeger and Marks",vial,Sapiente vitae absconditus bestia teneo arguo delinquo succurro qui delectatio.,2025-11-20 21:13:17
65,6,,"Thompson, Jacobson and Hane",censura,Amaritudo deleo spero tego artificiose argumentum sumo.,2025-02-14 21:06:27
66,8,Tasty Rubber Bacon,Klein - Harber,bottle,Stella utroque aliquam vinculum comitatus atrocitas vesper tantum.,2025-02-07 22:40:08
67,8,Tasty Marble Keyboard,"Goyette, Lockman and Senger",tablet,Delicate vita cohors valde suffoco.,2025-12-21 04:56:15
68,10,Small Marble Hat,Goldner - Lesch,bottle,Cauda apud adficio cauda at ocer officia.,2025-05-07 00:21:34
69,8,Electronic Steel Chips,"Kerluke, Kertzmann and Herman",bottle,Demum ago turpis praesentium volaticus censura.,2025-12-12 23:03:24
70,2,Oriental Ceramic Tuna,"Spencer, Sipes and Parisian",box,Celebrer cattus tripudio armarium vulgus quibusdam conatus.,2025-03-14 08:30:01
71,3,Licensed Metal Ball,Gusikowski Group,tablet,Solus aperio incidunt tamdiu pax.,2025-08-20 04:25:15
72,9,Ergonomic Concrete Shoes,Ebert - Champlin,box,Cattus conor debitis voluptatum caries veniam vorago teneo amet.,2025-08-30 03:15:24
73,4,Frozen Marble Sausages,Connelly - Beahan,vial,Adsuesco spes bene triduana.,2025-10-12 17:12:48
74,8,Recycled Bronze Ball,Ullrich LLC,vial,Tripudio vacuus videlicet sui.,2025-09-07 07:17:33
75,9,Fantastic Bronze Chair,Will LLC,box,Cupressus voveo delibero admitto decens.,2025-08-10 07:26:16
76,7,Handmade Ceramic Bacon,"Balistreri, Swift and Schaefer",bottle,Arcus maiores amet confero.,2026-01-07 05:37:11
77,7,Unbranded Granite Chips,Daugherty - Kessler,bottle,Cohibeo patruus libero complectus.,2025-11-29 22:58:54
78,7,Oriental Marble Computer,Lockman - Watsica,box,Repudiandae error xiphias alius arbor confido.,2025-09-27 15:36:56
79,1,Generic Cotton Car,Dooley - Denesik,vulgo,Denique tenax vacuus defessus nemo clam dignissimos.,2025-07-16 18:35:33
80,4,Awesome Wooden Car,"Stracke, Effertz and Connelly",vial,Baiulus demonstro degenero quibusdam.,2025-03-23 10:38:41
81,2,Tasty Plastic Car,Runolfsson Inc,bottle,Demum cunabula corpus decipio degero condico.,2025-02-01 13:10:37
82,2,Luxurious Cotton Tuna,Lind Group,box,Deporto caute surculus velut crebro suasoria.,2025-11-16 06:40:56
83,5,Rustic Cotton Tuna,Kuhic and Sons,box,Allatus vinculum bonus necessitatibus apparatus demo suppellex vereor.,2025-10-24 13:47:03
84,2,Luxurious Granite Car,Fisher and Sons,tablet,Conforto depono torqueo arcus comitatus tempora animus spiculum spectaculum terror.,2025-06-22 05:17:38
85,4,Gorgeous Aluminum Ball,"Waelchi, Metz and Hudson",box,Carus stipes arma.,2025-03-09 03:07:28
86,8,Sleek Metal Car,Jones LLC,vial,Speciosus sortitus eum crur demergo suus toties.,2025-09-07 06:49:27
87,4,Electronic Gold Chair,"Block, Rosenbaum and Schoen",tablet,Perspiciatis caelum derideo cruciamentum beneficium iste coadunatio vis.,2025-12-17 20:28:52
88,7,Luxurious Cotton Chips,"Fahey, Howe and Smitham",vial,Desolo calcar adficio tot temptatio complectus aperiam argumentum corrigo tristis.,2025-08-05 15:56:29
89,5,Fantastic Bronze Mouse,"Gerlach, Kassulke and Nienow",tablet,Vulgaris aliquid coniecto odio animi pel absens esse.,2025-10-30 18:01:31
90,9,Modern Granite Towels,Grant and Sons,box,Supellex eos viduo tripudio impedit abstergo adipisci.,2025-05-10 12:01:13
91,9,Awesome Steel Keyboard,Cole and Sons,vial,Desipio comitatus textilis voluptas decerno consuasor inflammatio sodalitas.,2025-10-08 02:46:27
92,10,Gorgeous Wooden Salad,"Cruickshank, Hills and McClure",bottle,Bibo adulescens corporis tonsor provident sollicito aliquam contigo administratio quos.,2025-03-17 15:39:44
93,7,Refined Marble Keyboard,Mueller - Connelly,bottle,Derideo aveho volubilis vicissitudo debeo votum decor perferendis tenus terra.,2025-11-26 14:41:16
94,8,Electronic Rubber Table,"Metz, Hilpert and Mueller",box,Aperte vicinus casus accusamus demitto conscendo universe blandior.,2025-05-11 06:26:45
95,5,Generic Granite Hat,Crooks - Ortiz,box,Dolores sublime uredo.,2025-11-02 04:11:01
96,6,Small Plastic Towels,"Zulauf, Stokes and Smitham",vial,Accendo defetiscor conforto confido vel artificiose suffragium conduco.,2025-04-28 17:39:19
97,8,Refined Aluminum Mouse,"Leffler, Schowalter and Russel",bottle,Doloremque truculenter officiis in curso acsi.,2025-10-07 11:25:49
98,8,Licensed Granite Shirt,Vandervort - Schamberger,vial,Thorax arcesso cometes antiquus autus commodo tergum textus tepidus accusamus.,2025-08-19 10:40:20
99,1,Tasty Bronze Soap,"Krajcik, Wilkinson and Mitchell",box,Vinculum alius acer similique architecto conventus totam adstringo.,2025-11-25 10:06:13
100,1,Handcrafted Marble Bike,Bradtke Inc,vial,Vulariter utrimque sonitus cubo velut aiunt conservo.,2025-02-07 06:12:27
101,2,Intelligent Cotton Bacon,Treutel - Schuppe,vial,Minus pauper vergo provident conventus dolorum crebro curia.,2025-04-01 15:52:48
102,5,Licensed Gold Hat,"Herman, Carroll and Gorczany",box,Uxor tendo bestia cohibeo.,2025-11-25 22:16:51
103,5,Small Marble Pizza,Ryan Group,tablet,Audentia creo vobis crebro magni tego.,2025-01-31 01:53:04
104,2,Incredible Rubber Salad,"Koss, Rohan and Renner",bottle,Studio non eveniet colligo caries.,2025-07-12 07:32:51
105,10,Small Bamboo Table,Zieme Inc,vial,Usitas uterque tui cenaculum curis tredecim beneficium.,2025-07-22 03:00:32
106,6,Unbranded Rubber Fish,Conn Inc,vial,Quidem abeo accusantium denego voro via amplexus accendo admitto suus.,2025-10-18 23:35:04
107,2,Generic Concrete Keyboard,Ledner - Schmeler,vial,Concido eligendi apto apparatus.,2025-07-22 00:58:21
108,4,Intelligent Gold Soap,Shanahan - Casper,tablet,Patrocinor delectatio votum.,2026-01-07 12:29:24
109,6,Refined Ceramic Computer,"Abbott, Willms and Jakubowski",bottle,Alo demo dedecor deserunt cuius videlicet dolor veritatis maiores.,2025-05-30 16:38:13
110,9,Licensed Aluminum Tuna,Lowe - Breitenberg,tablet,Cito canonicus voluntarius.,2025-04-11 22:30:54
111,5,Ergonomic Concrete Table,"Hermiston, Collins and Dooley",box,Bos tabesco absorbeo accommodo terminatio possimus credo.,2025-11-25 17:27:49
112,3,Awesome Gold Chair,"Gusikowski, Schamberger and Effertz",bottle,Caveo expedita supplanto validus animi aufero.,2025-03-11 16:25:27
113,7,Modern Wooden Table,Zieme Inc,box,Attonbitus virgo caterva demum curvo.,2025-12-25 12:42:12
114,3,Incredible Cotton Fish,Kuphal Group,tablet,Tres villa terror villa volutabrum arguo damnatio tandem calcar.,2026-01-08 04:07:01
115,10,Oriental Metal Sausages,"Beier, Hahn and Bechtelar",tablet,Ars decerno curto tenetur non.,2025-10-20 22:51:06
116,10,Luxurious Metal Ball,Bode LLC,vial,Denuo labore villa appositus audax sui condico blanditiis deinde.,2025-06-02 09:47:36
117,9,Licensed Bronze Salad,Kub - Champlin,tablet,Super sto tergum adnuo.,2025-11-23 18:55:22
118,5,Elegant Marble Pants,"King, Schowalter and Fay",bottle,Summa terminatio quas dolores degusto tumultus tunc voro.,2025-09-29 19:43:11
119,7,Elegant Steel Towels,Ward - Pfannerstill,tablet,Cornu vespillo conventus vinitor animus aurum fugiat recusandae clam.,2025-05-24 23:58:02
120,4,Rustic Metal Bacon,"Stroman, Zemlak and Renner",vial,Dedico iusto temperantia demum itaque ultra molestias curso.,2025-05-06 22:22:27
121,2,Rustic Wooden Chicken,"Kuhlman, Balistreri and Simonis",bottle,Strenuus ago tabernus convoco torrens absorbeo.,2025-04-13 07:55:43
122,1,Generic Steel Sausages,Towne and Sons,bottle,Ex ratione demulceo vinum audacia vulariter demum verumtamen officia.,2025-11-21 09:36:06
123,1,Fresh Rubber Car,Veum Group,box,Thymbra trepide considero aperio victoria absorbeo summisse.,2025-03-16 17:10:09
124,2,Practical Bamboo Ball,"Mante, Gislason and Brakus",bottle,Congregatio recusandae custodia deleniti crebro video solio pauci campana arguo.,2025-10-25 18:53:51
125,8,Intelligent Steel Table,Fay LLC,tablet,Conspergo thema ars dedecor demonstro delectatio correptius aiunt necessitatibus.,2025-10-16 04:50:44
126,10,Ergonomic Silk Shoes,Walter Inc,vial,Doloribus ager ipsam.,2025-09-13 15:30:08
127,5,Recycled Metal Chips,Paucek - Murphy,vial,Vulgaris nemo carpo vinco adeptio.,2025-11-21 12:27:16
128,4,Generic Rubber Tuna,Willms - Wiegand,tablet,Defendo pax suppellex angustus.,2025-10-03 15:54:52
129,8,Incredible Aluminum Chair,Toy Inc,box,Cinis aptus depopulo quo carus.,2026-01-18 12:15:53
130,4,Practical Bamboo Pants,Daugherty - DuBuque,box,Abduco maxime trans.,2025-05-14 16:18:55
131,5,Small Aluminum Bike,Larson Inc,tablet,Repellat venustas vilitas speculum quasi careo debilito depromo amet coniecto.,2025-07-14 13:51:43
132,1,Soft Silk Chips,Marvin - Little,box,Suadeo amo spoliatio succedo tergo vitiosus.,2025-05-13 15:59:05
133,9,Luxurious Marble Bike,"Torp, Hagenes and Kling",bottle,Denuo causa cunabula depromo alias via argumentum.,2025-12-03 23:29:26
134,8,Tasty Rubber Soap,Jones - Rippin,tablet,Adeo cupressus voluptas corrigo sol rem nostrum.,2025-12-30 08:20:43
135,1,Recycled Bronze Shoes,Monahan Group,tablet,Vicissitudo cilicium nostrum curvo.,2025-05-02 16:02:27
136,3,Small Bronze Chips,"Lind, Herman and Terry",bottle,Fuga tandem vulariter.,2025-01-21 18:02:43
137,7,Handcrafted Granite Cheese,"Douglas, Jacobi and Treutel",tablet,Adsuesco contego enim vero clibanus nam umerus.,2025-08-30 09:11:16
138,9,Small Ceramic Gloves,"Swift, Reilly and Collins",vial,Tamen cura deporto voluptatum totidem sed sunt comburo facere circumvenio.,2026-01-17 11:03:15
139,2,Sleek Ceramic Shoes,Hermann and Sons,bottle,Tantillus suadeo depopulo vinum nobis universe verto dolorem.,2025-05-29 20:15:21
140,8,Frozen Rubber Gloves,Von Inc,vial,Decimus cibo derelinquo pauci aveho callide ars amet argumentum curriculum.,2025-03-27 12:45:41
141,4,Oriental Cotton Bike,O'Keefe - Klein,tablet,Turba tutis verumtamen animi reprehenderit creator.,2025-04-22 01:49:40
142,7,Refined Steel Table,Wolf Inc,tablet,Aequitas articulus accedo amplitudo tunc debilito cotidie molestiae.,2025-10-18 22:23:56
143,10,Frozen Rubber Shoes,"Kozey, Koss and Kub",tablet,Conforto argumentum tergum averto conqueror cohaero stella surgo.,2025-11-04 14:00:47
144,9,Unbranded Steel Cheese,"Emard, Cummerata and Hane",tablet,Molestiae quia vereor.,2025-04-11 23:34:26
145,1,Handcrafted Metal Hat,Romaguera - McCullough,bottle,Vulgus aggredior beneficium cohors cohibeo odit aestivus.,2025-02-03 01:06:16
146,3,Elegant Gold Tuna,Bartoletti LLC,box,Demonstro absconditus capitulus libero volva balbus auditor curso.,2025-05-11 18:50:54
147,8,Incredible Wooden Sausages,"Kunze, Cormier and Moen",vial,Temperantia umerus constans sto adfero.,2025-12-03 17:22:14
148,1,Frozen Marble Chips,Watsica - Shields,tablet,Creptio velut laudantium facere antiquus cubo thermae.,2025-03-23 09:13:56
149,8,Oriental Rubber Ball,Hane - Runte,bottle,Deleniti audacia creta coadunatio adnuo conor admoveo tergiversatio impedit apud.,2025-08-02 19:18:08
150,7,Licensed Gold Cheese,Fay Group,bottle,Curo subito temeritas certus uterque combibo.,2025-04-17 11:29:04
151,8,Handcrafted Ceramic Ball,Kunze Inc,box,Admoneo textus strenuus creo alienus voco accommodo triumphus.,2026-01-07 20:43:17
152,9,Generic Cotton Salad,"Satterfield, Dickinson and Feest",tablet,Quibusdam sumo velit.,2025-12-17 17:04:33
153,9,Fresh Silk Gloves,"Kunze, Douglas and Frami",tablet,Autem ascit tollo spectaculum.,2025-03-01 10:07:47
154,2,Rustic Granite Bike,Hodkiewicz Group,box,Commodi quis sopor voluptatibus provident quasi clam confero crur vos.,2025-02-17 17:17:48
155,1,Intelligent Steel Mouse,Goodwin - Flatley,bottle,Anser concedo valde adflicto ullus curso.,2025-11-27 06:55:32
156,10,Practical Bronze Bacon,Baumbach - Corwin,tablet,Socius tabernus abutor stultus conscendo agnosco traho.,2025-03-19 20:48:54
157,1,Awesome Bronze Pants,White - Gleichner,box,Anser arma minima.,2025-07-09 23:55:12
158,9,Tasty Ceramic Fish,Monahan - Franecki,tablet,Articulus contra calco debilito tertius cohibeo cubitum ipsa.,2025-06-11 12:35:23
159,3,Oriental Bronze Chips,Pacocha - Ruecker,bottle,Desidero solus ait venustas perferendis paens timor vicissitudo voveo sapiente.,2025-02-09 12:10:48
160,5,Fantastic Rubber Table,"Harber, Green and Feeney",tablet,Cervus cito auxilium summopere amita circumvenio sub trado.,2025-10-05 00:44:36
161,1,Licensed Cotton Chair,"Hickle, Hirthe and Jenkins",vial,Nesciunt tres undique voluptatibus.,2025-10-29 07:36:46
162,3,Intelligent Wooden Bacon,Kiehn - Goodwin,bottle,Absque summa stabilis excepturi agnosco pauper cupiditas compello.,2025-05-21 05:58:32
163,9,Fantastic Concrete Fish,"Block, Hilpert and Blanda",tablet,Beneficium conservo tardus astrum maiores comptus annus ater.,2025-01-23 21:36:37
164,10,Handcrafted Rubber Sausages,Schumm Group,bottle,Tergiversatio collum tibi tunc benevolentia.,2026-01-18 17:17:59
165,8,Practical Concrete Tuna,Maggio and Sons,bottle,Appono atrox absque alias carmen.,2025-07-30 07:18:53
166,7,Unbranded Steel Table,"Walker, Gislason and Schiller",tablet,Curso suus subvenio conventus saepe comis decerno contra.,2025-09-07 09:37:02
167,7,Unbranded Wooden Chips,Crist - Bartoletti,curis,Error cubo succedo volutabrum.,2025-08-02 03:35:10
168,3,Generic Plastic Cheese,Adams - McCullough,vial,Appono decretum claro sodalitas inventore cognomen condico depereo.,2025-02-25 06:01:13
169,8,Tasty Ceramic Gloves,Kerluke - Hand,vial,Patria apud statua somniculosus.,2025-05-22 17:54:32
170,3,Recycled Ceramic Bike,"Kohler, Leannon and Predovic",vial,Baiulus vulticulus voluptas.,2025-05-10 19:20:54
171,2,Elegant Cotton Pants,Schimmel - Casper,bottle,Delicate a auditor sortitus adficio tabula cibo tantum.,2025-08-21 06:05:53
172,8,Oriental Steel Shirt,Cruickshank - Hettinger,box,Vinum super sunt advenio acies.,2025-08-24 19:39:57
173,8,Handcrafted Rubber Cheese,Gorczany Group,tablet,Alias laboriosam coma depono denego acsi solutio tabgo turbo.,2025-12-05 14:36:55
174,6,Handmade Plastic Gloves,"Runte, Zieme and Kshlerin",tablet,Modi omnis adipisci tonsor.,2025-05-09 19:30:45
175,6,Unbranded Steel Bacon,"Lebsack, Mante and Sanford",bottle,Ea centum sit tantum adimpleo auctor deleniti.,2026-01-10 01:43:50
176,5,Handcrafted Gold Chicken,Gutkowski - Leannon,tablet,Decipio voluntarius sophismata.,2025-05-01 04:09:00
177,2,Fresh Silk Keyboard,Johnston LLC,ullus,Coruscus correptius amiculum.,2025-12-20 00:35:29
178,1,Recycled Cotton Computer,Erdman and Sons,bottle,Vacuus recusandae attollo.,2025-01-30 08:38:41
179,10,Fresh Ceramic Bike,"Stehr, Okuneva and Kreiger",box,Amiculum beatae amiculum ocer auxilium avaritia.,2025-05-08 23:47:23
180,1,,"Harber, Block and Schneider",apto,Adsum denego suspendo capio conor suscipit tenetur cursus administratio.,2025-09-15 06:07:35
181,4,Small Wooden Tuna,Jenkins - Rolfson,box,Vinculum subseco tumultus clibanus cum vestigium admoneo coepi.,2025-09-11 02:28:07
182,8,Rustic Cotton Soap,Macejkovic LLC,vial,Cinis cohors saepe campana.,2025-03-05 05:53:35
183,7,Sleek Marble Car,Leannon - Hayes,vial,Verto voluptatem vallum statua odit caste tremo.,2025-11-21 04:14:44
184,3,Practical Granite Cheese,"Smith, Price and Mayer",bottle,Sunt ater peccatus depono bene ulciscor infit cur ipsam.,2025-05-09 01:45:33
185,10,Small Marble Sausages,Collins - Rodriguez,bottle,Tabula defluo adeo validus abscido bellicus creber accusator.,2025-12-28 13:40:59
186,2,Bespoke Wooden Computer,Heidenreich - Hessel,bottle,Thesaurus tutis succedo compono tamquam territo ager crur.,2025-05-29 12:54:27
187,8,Intelligent Aluminum Pants,"Hills, Bruen and Streich",bottle,Velit crux non sophismata admoveo verus varius.,2026-01-08 18:24:28
188,9,Luxurious Bamboo Salad,Mayer - Abernathy,tablet,Acer decretum demulceo acerbitas terga veritatis utilis triumphus vulgivagus certus.,2025-09-03 09:10:55
189,7,Refined Marble Chicken,Wisoky - Hirthe,vial,Eum aro vallum patrocinor.,2025-09-08 09:26:07
190,6,Frozen Marble Pants,"Jast, Dare and Senger",box,Audio dolore vero cado confugo comburo centum.,2025-12-11 03:12:38
191,7,Bespoke Marble Shirt,Graham - Yost,box,Deficio accusator crebro spoliatio aer decor tum suppono suspendo.,2025-04-08 12:08:07
192,4,Modern Rubber Towels,Wolf and Sons,vial,Acerbitas viriliter esse stillicidium colo facere stips.,2025-12-13 18:44:43
193,7,Frozen Metal Pizza,"Hodkiewicz, Labadie and Kshlerin",bottle,Auctus tremo absconditus cur valens voluptatum vero asporto.,2025-08-21 00:35:31
194,6,Elegant Rubber Shoes,Wisoky LLC,vial,Accusantium suffoco tribuo.,2025-05-14 15:40:01
195,5,,Stokes - Jacobs,demum,Aggredior cattus distinctio bonus angulus eaque cogito vorax amet comburo.,2025-12-08 03:21:17
196,7,Frozen Wooden Table,"Tillman, Wuckert and Hansen",box,Ut adhaero adhaero expedita absque eum templum denuo.,2025-02-28 01:15:34
197,6,Unbranded Concrete Fish,"Sawayn, Larkin and Orn",bottle,Utique explicabo adinventitias ademptio.,2025-04-26 12:05:19
198,2,Handcrafted Silk Gloves,Larkin - Nolan,vial,Absum atrocitas tepidus aqua cupiditate.,2025-11-15 03:02:15
199,9,Generic Wooden Salad,Ullrich Inc,bottle,Apud defendo voluptatem cicuta.,2025-12-02 20:18:27
200,1,Frozen Granite Tuna,Kuvalis - Witting,box,Claro benigne vulariter creptio sublime vorax adeo demoror defetiscor benigne.,2025-02-06 03:34:56
201,4,Small Bronze Keyboard,Gibson - Mohr,tablet,Corona arbustum officia pecco concedo aureus bonus aiunt.,2025-04-13 10:49:16
202,8,Sleek Metal Mouse,Macejkovic and Sons,vial,Triduana sub sollicito degero thema aegrus rerum cetera.,2025-12-13 04:10:54
203,4,Modern Concrete Chips,Baumbach and Sons,tablet,Talus consequatur ulterius pariatur synagoga armarium.,2025-02-26 01:04:45
204,10,Fresh Granite Pizza,Rice - Hilll,box,Ventosus agnitio spiculum sperno vespillo denique.,2026-01-18 05:59:40
205,8,Ergonomic Steel Cheese,"Bosco, Christiansen and Murazik",bottle,Cunabula voluptatum tergiversatio argentum coruscus vulgaris.,2026-01-11 21:54:46
206,4,Soft Silk Tuna,Nikolaus - Runolfsdottir,tablet,Agnosco verto tubineus ter cattus vado aestus.,2025-06-21 22:10:15
207,4,Handcrafted Plastic Towels,Reynolds LLC,tablet,Cernuus sapiente tempora infit speculum abstergo damnatio copiose accommodo aestivus.,2025-01-24 16:36:06
208,4,Recycled Ceramic Shirt,Little - Bergstrom,tablet,Adaugeo turpis sum atrocitas creptio brevis.,2026-01-20 00:54:54
209,5,Licensed Steel Cheese,McLaughlin Inc,box,Umbra titulus tergeo alo aer.,2025-05-18 15:52:02
210,1,Soft Marble Ball,Walter Group,tablet,In demens nulla ambitus curis.,2025-04-04 17:14:13
211,8,Fresh Bronze Fish,Kihn - Berge,bottle,Spiculum depraedor cedo vilis virtus attollo.,2025-02-22 05:02:12
212,10,Modern Rubber Car,"Ryan, Nicolas and Swaniawski",bottle,Alii ipsum ademptio sollicito.,2025-08-04 20:13:06
213,3,Frozen Granite Fish,Runolfsson - Dare,bottle,Tum theatrum provident voluptatum atavus ara.,2025-05-30 01:03:04
214,5,Sleek Marble Salad,Rogahn - Torp,vial,Atqui viridis rerum eveniet crepusculum pecus.,2026-01-02 00:10:26
215,1,Awesome Marble Soap,"Barton, Kuhlman and Labadie",vial,Argumentum quae consequatur vester.,2026-01-12 11:00:59
216,2,Soft Rubber Cheese,Torphy and Sons,vial,Validus agnosco vehemens.,2025-02-11 22:18:41
217,1,Generic Bronze Pizza,Haag Inc,vial,Aduro ter pecco antiquus saepe velut ulciscor canonicus.,2025-10-07 18:34:47
218,4,Frozen Plastic Shirt,Miller - Koch,box,Angustus adduco absque torqueo creta crux terreo.,2025-12-30 02:18:30
219,10,Refined Silk Chair,Corwin Inc,bottle,Versus cognatus cras cimentarius.,2025-06-17 01:50:29
220,9,Fantastic Aluminum Bacon,"Haley, Jacobson and Koss",bottle,Denuncio tergo assumenda sordeo.,2025-07-16 23:04:12
221,1,Modern Rubber Shoes,Reilly LLC,bottle,Adstringo denuo clementia caelum cresco.,2025-08-04 22:32:42
222,9,Licensed Gold Car,Kohler and Sons,bottle,Civis patruus cernuus solus aspernatur vitiosus vesper curvo suppono.,2025-11-29 11:39:59
223,2,Modern Gold Ball,"Mitchell, Cummerata and Ondricka",bottle,Cui avarus venia suus corroboro.,2025-04-05 05:23:06
224,4,Handmade Wooden Chips,"Schimmel, Schmidt and Kertzmann",bottle,Depulso asper aestas comptus quas sunt cometes patrocinor nulla voluptas.,2025-09-13 23:45:26
225,9,Bespoke Aluminum Salad,"Senger, Jacobs and Sawayn",vial,Creta cavus possimus solvo ustilo succurro beneficium comminor barba.,2025-11-10 00:13:41
226,9,Handmade Steel Mouse,Wisozk LLC,box,Compono vociferor cupiditate curriculum censura.,2025-06-22 01:54:27
227,4,Luxurious Cotton Pants,"Harber, Rempel and Rogahn",bottle,Debeo deserunt carus.,2025-12-18 16:44:55
228,5,Luxurious Bamboo Chips,Daniel Group,vial,Cognatus agnosco tactus stultus magni suppono terminatio decipio.,2025-12-21 00:25:23
229,3,Handcrafted Ceramic Pants,Emmerich and Sons,bottle,Amplexus amor turbo quod surgo accendo victoria.,2025-10-25 13:04:44
230,10,Soft Gold Fish,Nitzsche LLC,vial,Color armarium vociferor canis arma aperte apto angelus modi.,2025-04-21 07:56:35
231,7,Awesome Silk Towels,Leffler Inc,tablet,Admitto corrumpo tenuis benevolentia absconditus suscipio crastinus.,2025-07-30 16:52:15
232,7,Intelligent Metal Cheese,Effertz - Gutkowski,tablet,Sustineo aiunt thermae.,2025-08-26 04:50:55
233,1,Rustic Gold Hat,Shields - Keeling,bottle,Omnis paens viriliter debeo vinculum ubi audeo urbanus commemoro.,2026-01-01 05:39:09
234,8,Licensed Marble Towels,Feest Inc,vial,Apto accusamus ago tempore calcar vinum.,2025-02-01 06:02:44
235,3,Ergonomic Rubber Salad,Quigley - Klocko,tablet,Aperio aro cunctatio.,2025-05-18 12:45:15
236,8,Incredible Cotton Pants,VonRueden - Heathcote,box,Toties derelinquo teres.,2025-03-22 11:26:07
237,2,Electronic Marble Table,Macejkovic - Gerhold,bottle,Patria harum territo urbanus virgo.,2025-02-05 13:14:03
238,2,Licensed Steel Computer,Collins Inc,bottle,Quam defleo soluta sed tutamen depereo laboriosam averto.,2025-09-04 22:27:12
239,4,Unbranded Rubber Fish,Connelly Inc,box,Corona attollo nostrum sonitus provident audax aperiam subito.,2025-04-02 04:20:20
240,7,Refined Plastic Soap,Schulist Inc,bottle,Sunt vulgivagus crur bos concido corroboro aliqua sunt.,2025-02-19 04:20:38
241,10,Incredible Bronze Chair,Conn - Morar,box,Coadunatio adficio socius sortitus accusamus possimus caecus suscipio cena consuasor.,2025-05-20 18:30:04
242,9,Intelligent Bronze Fish,"Runolfsson, Buckridge and Kautzer",box,Bibo volaticus vitae studio adflicto timidus aeneus nobis una.,2025-04-04 12:13:04
243,1,Modern Steel Chicken,"Bartell, Halvorson and Marquardt",bottle,Vorax ventosus numquam tumultus contigo.,2025-06-20 15:10:14
244,10,Bespoke Metal Table,Emmerich Group,vial,Ipsa peior succedo conicio demonstro corrupti.,2025-10-14 13:28:16
245,4,Fresh Bronze Hat,Howe LLC,bottle,Ter demens temperantia confero totam.,2025-04-05 09:31:05
246,2,Small Cotton Towels,Koch and Sons,bottle,Conculco aegrotatio fuga.,2026-01-13 00:17:03
247,5,Modern Metal Keyboard,Price Group,vial,Vomito adsuesco vaco cernuus votum timidus asporto peccatus.,2025-10-02 01:52:40
248,8,Small Wooden Bike,Dibbert - Swaniawski,box,Soluta triumphus deludo utor titulus incidunt.,2025-10-06 18:05:44
249,6,Luxurious Ceramic Tuna,Weimann - Kilback,box,Corpus mollitia cunae recusandae dolorem substantia coaegresco antepono aureus tepidus.,2025-04-11 23:41:44
250,5,Tasty Metal Tuna,Stroman - Padberg,box,Barba desipio peior compello aufero succurro.,2025-05-27 22:48:22
251,2,Recycled Aluminum Chair,Berge Inc,vial,Curo comes sono bonus enim audax.,2025-05-01 06:52:06
252,5,Ergonomic Marble Cheese,Hickle Inc,box,Cunctatio cauda velociter cohaero illum corrigo.,2025-11-28 13:32:59
253,7,Handcrafted Plastic Tuna,Turcotte - Moore,vial,Cotidie temporibus constans vinum deinde.,2025-03-13 03:58:32
254,5,Licensed Marble Bike,Herzog Inc,tablet,Libero tamquam defungo.,2025-10-25 07:00:19
255,4,Electronic Granite Car,Trantow - Hills,box,Virga sapiente uredo alius animadverto vito laborum sumptus.,2025-07-28 23:42:33
256,10,Tasty Marble Towels,Barton - Medhurst,tablet,Demo veritas verumtamen commodi studio clam contra in.,2025-09-24 11:47:04
257,2,Handmade Bamboo Soap,"Rau, Ryan and Waters",vial,Tergiversatio temporibus solio ut audeo.,2025-06-06 16:20:39
258,2,Oriental Plastic Pants,Trantow and Sons,bottle,Tremo perferendis pel.,2025-03-19 06:50:10
259,8,Ergonomic Gold Chicken,Little and Sons,bottle,Avaritia tantum xiphias vilis comis.,2026-01-18 09:01:27
260,2,Incredible Aluminum Bike,Volkman and Sons,vial,Cras assumenda altus amo angustus abundans.,2025-06-20 05:06:13
261,5,Sleek Marble Shoes,"Leuschke, Runolfsdottir and White",vial,Verecundia despecto contigo ut caveo auctor teneo vos.,2025-06-20 04:00:35
262,8,Licensed Rubber Hat,Dickens - Mills,bottle,Casso stips beatae denego conicio comprehendo clam atque defaeco.,2025-09-20 14:20:46
263,1,Luxurious Gold Keyboard,"Grimes, Murray and Gorczany",bottle,Porro vere aequus sopor charisma campana artificiose argentum bibo umbra.,2025-09-03 13:48:10
264,7,Recycled Rubber Salad,Jakubowski - Brown,vial,Succedo laborum terra validus summisse.,2025-08-24 19:53:20
265,10,Generic Plastic Pants,"Boyer, Botsford and Gerhold",box,Patruus tenuis beatae.,2025-07-02 07:11:44
266,6,Frozen Bamboo Pizza,Bailey - Stracke,tablet,Adstringo atrox super cras harum abbas.,2025-10-28 20:04:59
267,4,Elegant Gold Shoes,"Berge, Hettinger and Williamson",tablet,Debilito sui timidus consequatur conforto defero confero.,2025-09-01 00:51:03
268,10,Handmade Silk Computer,"Abshire, Muller and Herzog",vial,Curriculum eveniet vacuus error voluptatibus caries dicta confero.,2026-01-13 07:45:14
269,6,Fantastic Ceramic Computer,Witting LLC,tablet,Angulus calamitas bibo torqueo.,2025-10-01 09:55:04
270,3,Soft Steel Fish,Bosco - Swaniawski,box,Cubitum dens suspendo tenetur terebro blandior.,2025-04-16 18:21:51
271,9,Ergonomic Plastic Chips,Treutel - Bernier,bottle,Basium unde veniam desino callide utrimque.,2025-10-20 04:06:47
272,1,Sleek Bronze Towels,O'Hara and Sons,vial,Vir conscendo advenio studio eligendi curso.,2025-12-02 05:30:03
273,10,Gorgeous Cotton Shirt,"Dibbert, Hettinger and Schaden",box,Depopulo verbera cunctatio.,2025-09-02 04:15:35
274,4,Soft Granite Gloves,Hamill Group,vial,Sursum conatus adinventitias patruus.,2025-09-25 18:35:49
275,3,Unbranded Plastic Table,Langworth LLC,tablet,Deinde utrum viriliter.,2025-11-02 05:10:11
276,4,Frozen Rubber Shirt,"Schroeder, Boehm and Thompson",vial,Benevolentia corpus sed pariatur adhuc bellicus ambitus umquam depulso.,2025-08-03 20:58:57
277,2,,"Kilback, Hermiston and Balistreri",vial,Canonicus labore officiis cavus cometes conforto deleo casus dens.,2025-02-06 00:11:15
278,2,Handmade Bamboo Chips,"Hahn, Gorczany and Nolan",box,Tero vulgaris vir textus cotidie aeneus.,2025-05-09 14:33:57
279,7,Bespoke Wooden Computer,Mills LLC,tablet,Calco tersus angulus demulceo stabilis angustus velum vigor stabilis.,2025-04-23 10:10:29
280,10,Frozen Aluminum Soap,Schultz - Swaniawski,tablet,Viscus sequi acer atavus varius debitis desolo torrens tantum vigor.,2025-03-28 02:27:19
281,2,Small Concrete Soap,"White, Heidenreich and Heaney",box,Aiunt trans conculco consuasor abstergo.,2026-01-02 00:28:38
282,6,Gorgeous Cotton Salad,Lueilwitz - Price,box,Totidem careo congregatio arbustum.,2025-09-19 01:03:46
283,1,Small Plastic Hat,"Spencer, Fadel and Torp",vial,Alo timor socius thymum.,2025-07-22 06:31:20
284,3,Tasty Marble Pants,Beer - Hyatt,bottle,Autem aggero conor amplus patruus bellum alo non.,2025-05-07 00:03:44
285,6,Electronic Plastic Sausages,Stracke Group,tablet,Vix succedo audax succurro credo theca vis.,2025-04-15 19:02:39
286,8,Practical Concrete Table,Boehm and Sons,bottle,Suffragium desino similique.,2025-02-07 01:26:24
287,8,Awesome Marble Hat,VonRueden - Hane,vial,Vulgus speciosus angustus caveo demoror deorsum eos temeritas degero culpa.,2025-06-16 16:18:26
288,7,Small Gold Table,McClure - D'Amore,vial,Tum quia ait supellex crinis patrocinor credo labore bibo.,2025-10-20 17:41:56
289,7,Refined Cotton Shirt,Sporer LLC,bottle,Avaritia dolorem soluta vesica tepidus contabesco veritatis fugit aequus vilitas.,2025-12-22 11:33:23
290,4,Rustic Ceramic Keyboard,Wiegand - Oberbrunner,bottle,Voluptatum ater fugiat aureus alii tersus solus tempora caste.,2025-02-22 06:47:15
291,5,Licensed Plastic Gloves,"Leannon, Von and Jaskolski",box,Concido deporto degusto deserunt amo caveo subito complectus canis.,2025-12-05 00:12:58
292,6,Handmade Bronze Bike,"Mann, Rosenbaum and Sporer",tablet,Curis avarus alius taceo tamquam esse.,2025-09-09 09:43:42
293,1,Modern Bamboo Shirt,Rodriguez - Wehner,vial,Utrimque calculus viridis umerus adicio crur.,2025-03-15 04:03:10
294,3,Electronic Metal Pizza,"Fisher, Fadel and Klein",bottle,Avaritia quam ademptio celebrer crapula clam antiquus.,2025-04-05 01:58:10
295,8,Fresh Wooden Tuna,Spinka LLC,bottle,Ventosus coruscus conforto tantum tantillus admitto damno stipes somnus.,2025-11-15 07:53:09
296,4,Modern Bamboo Car,Bernhard - Leannon,box,Tempus spero trepide decerno terreo vulgo degero.,2025-10-09 21:35:08
297,5,Rustic Marble Pants,Wilderman Inc,bottle,Cavus cibus voluptates aureus tandem ocer crastinus defendo ater sapiente.,2025-04-09 04:27:04
298,1,Handcrafted Plastic Shirt,Ondricka Group,bottle,Conforto tamquam urbs aro utrum attero.,2025-10-25 12:26:45
299,5,Modern Plastic Bacon,Smitham and Sons,box,Aeger paulatim excepturi abduco tertius volubilis contabesco tamisium basium usitas.,2025-09-13 20:10:37
300,7,Soft Cotton Pants,McLaughlin and Sons,tablet,Optio terra argumentum cuppedia ad crebro acer subiungo.,2025-05-03 05:37:23
301,5,Oriental Plastic Hat,Bechtelar - Swaniawski,bottle,Victus defluo doloribus alius quasi summisse sollers corrupti denique.,2025-02-16 14:21:19
302,6,Generic Bamboo Car,Kilback - Greenholt,bottle,Suffoco colo adnuo.,2025-06-02 04:53:31
303,2,Small Gold Pizza,Stamm Inc,bottle,Atqui attollo cunabula compello supra amissio impedit acerbitas apud.,2025-03-04 06:42:54
304,9,Oriental Wooden Bacon,"Lang, Ziemann and Hettinger",vial,Utpote tametsi suffragium cupressus esse torrens.,2025-08-07 01:00:42
305,10,Gorgeous Plastic Cheese,Emmerich - Olson,bottle,Conscendo veritatis caput demonstro territo cenaculum desino enim territo defetiscor.,2025-10-29 01:21:40
306,2,Recycled Aluminum Towels,Jenkins - Gislason,tablet,Annus patruus candidus desidero cimentarius.,2025-01-30 03:50:10
307,3,Practical Marble Towels,Dickens - Altenwerth,bottle,Degenero correptius compono.,2025-12-04 05:47:59
308,10,Soft Silk Mouse,Flatley - Luettgen,vial,Bellicus curis sit apud umerus.,2025-12-29 23:06:00
309,1,Recycled Metal Hat,"Koelpin, Parisian and Simonis",bottle,Vilicus caste apparatus rerum vereor.,2025-02-12 08:57:09
310,10,Fantastic Rubber Tuna,Rempel Group,tablet,Denuo laboriosam testimonium bellum sonitus maxime.,2025-11-05 14:06:02
311,1,Handcrafted Wooden Shirt,Conn - Nienow,bottle,Ducimus teres tutamen aureus civis appello pariatur qui coadunatio.,2025-11-14 03:34:14
312,8,Recycled Bronze Gloves,"Treutel, Klocko and Tremblay",box,Ademptio cariosus solus verecundia defetiscor conscendo.,2025-05-08 01:06:53
313,8,Fresh Bamboo Chicken,"Senger, Weimann and Murazik",vial,Vere artificiose sto clam arx virga.,2025-03-16 12:24:20
314,8,Intelligent Silk Hat,"Lemke, Prohaska and Wunsch",box,Molestias tenetur currus ulterius.,2025-04-04 00:27:44
315,6,Fantastic Gold Shoes,Hyatt - Trantow,blanditiis,Tamen eligendi catena arbustum corroboro conduco non vae odit theca.,2025-12-08 07:02:00
316,9,Small Ceramic Towels,"Luettgen, Connelly and Rodriguez",box,Congregatio aptus sublime acies caecus denuo sponte ago.,2025-05-09 16:47:16
317,2,Awesome Bronze Tuna,"Nader, Altenwerth and Hand",vial,Demo despecto claustrum delectus utpote arcus communis pariatur strenuus.,2025-04-11 19:32:31
318,10,Handmade Wooden Keyboard,"Hagenes, Kulas and Renner",vial,Balbus thymbra arcesso cursus.,2025-08-05 13:19:40
319,9,Handcrafted Wooden Hat,"Maggio, Johnson and Hauck",box,Barba defendo curatio cruciamentum venustas temeritas peior.,2025-11-17 20:54:05
320,8,Soft Granite Pants,Lebsack - Pfeffer,vial,Benigne sapiente solvo approbo non tamen.,2026-01-11 02:13:38
321,9,Tasty Silk Chair,Walker Group,box,Aduro denuncio nihil vae spiculum adamo summa defessus voluptate.,2025-06-03 14:08:21
322,9,Fresh Marble Gloves,"Gulgowski, Bruen and Braun",bottle,Stipes vestrum teres consequatur arca soluta itaque cinis.,2025-08-14 09:41:06
323,5,Modern Granite Salad,"Kuphal, Leannon and Graham",bottle,Necessitatibus distinctio utor arto vitium thesis cribro.,2025-02-07 04:29:27
324,9,,Murray - Mueller,tablet,Cubitum culpo copia tibi dignissimos.,2025-06-02 05:02:11
325,2,Oriental Gold Salad,Schroeder - Gorczany,tablet,Cenaculum vulgo praesentium sed alter odio cubicularis.,2026-01-19 00:17:01
326,3,Frozen Wooden Tuna,Lubowitz LLC,box,Vindico certus desipio praesentium depono aspernatur subiungo cervus cedo.,2025-11-13 00:39:33
327,3,Handmade Cotton Soap,Cruickshank - Cole,tablet,Depereo suppellex testimonium vilitas derelinquo.,2025-11-17 19:05:42
328,6,Gorgeous Granite Chips,Keeling and Sons,box,Bonus eveniet apparatus dolorum.,2025-07-15 07:26:21
329,1,Practical Bamboo Shoes,Cremin Group,vial,Doloremque absens molestiae quasi considero texo bonus canis summisse anser.,2025-07-29 15:58:32
330,2,Soft Concrete Gloves,Bayer Inc,vial,Adficio quam conturbo corrigo.,2025-03-18 01:05:36
331,10,Recycled Wooden Keyboard,Howell Inc,box,Expedita velum quidem denuo tribuo conitor ipsam cribro sublime teres.,2025-12-29 08:05:12
332,9,Oriental Rubber Towels,Zboncak - Nolan,tablet,Ventus tabgo adaugeo sufficio defaeco solum.,2025-06-05 21:40:50
333,8,Practical Steel Chips,West Inc,bottle,Conspergo sapiente utrimque thymum.,2025-02-04 13:12:17
334,4,Fresh Ceramic Table,"Cummerata, Kris and Aufderhar",tablet,Crudelis delinquo vehemens vulticulus sulum crapula theca basium tener.,2025-06-10 23:08:54
335,7,Fresh Silk Fish,"Sanford, Gerlach and Hickle",tablet,Pectus abutor talus bibo saepe.,2025-02-09 07:32:13
336,5,Licensed Wooden Pizza,Maggio Inc,bottle,Apostolus caveo aegrus tamquam tepesco charisma volubilis coruscus.,2025-11-25 09:45:46
337,2,Sleek Steel Towels,Wiza - Bayer,bottle,Peior aduro cupressus.,2025-08-07 21:35:57
338,2,Rustic Granite Pants,Hermiston Inc,tablet,Tantum candidus calculus denuo astrum denego thesaurus.,2025-08-20 12:51:51
339,3,Handmade Concrete Computer,Haag - Becker,bottle,Caelestis asperiores viscus umquam adeo.,2025-02-11 21:45:03
340,3,Rustic Ceramic Chair,"Gottlieb, Torphy and Larson",bottle,Audacia argentum comedo pecto repudiandae stultus sed.,2025-06-15 06:40:48
341,3,Small Plastic Chips,"Mueller, Metz and Glover",alioqui,Ultio turpis soleo comis suasoria vulariter contabesco agnitio sollers cuius.,2025-06-14 22:01:58
342,7,Small Bamboo Tuna,Ratke Group,tablet,Quasi ago aeternus defungo voluptatem curatio sint aegrotatio quas thesaurus.,2025-07-08 09:22:46
343,7,Generic Rubber Bacon,Ullrich - Prosacco,vial,Ultio accusamus comprehendo ducimus deserunt turpis enim cometes arguo dicta.,2025-05-18 05:54:44
344,3,Luxurious Granite Chicken,Hickle Inc,bottle,Tenuis adipisci sortitus paulatim.,2025-10-27 23:45:13
345,8,Luxurious Ceramic Fish,Stark Group,tablet,Curvo cuppedia suffoco vivo denique patruus nemo utique suscipit.,2025-07-05 00:26:48
346,8,Luxurious Marble Bike,"Lind, Bogan and Pfeffer",tablet,Abundans deporto ver absconditus.,2025-08-19 11:13:23
347,4,Tasty Ceramic Cheese,Stokes - Swaniawski,tablet,Defaeco adiuvo colligo taceo copia amor surculus vobis capitulus.,2025-06-27 23:21:54
348,4,Handcrafted Marble Chair,Jerde - Nitzsche,tablet,Validus a textilis textor molestiae cunae.,2025-07-28 02:01:57
349,2,Frozen Cotton Towels,Terry - Buckridge,vial,Tam solus mollitia statim aut.,2025-05-27 00:15:07
350,5,Small Cotton Hat,Morar Group,box,Conturbo vomica comes eius adulatio tamen asporto velociter bis.,2025-09-06 17:37:26
351,2,Recycled Aluminum Tuna,Sawayn - Gorczany,box,Brevis aduro cunae.,2025-11-25 01:18:15
352,2,Handcrafted Metal Sausages,Smith - Spinka,vial,Certus validus velum tristis tamen cedo.,2025-03-01 22:00:45
353,7,Recycled Silk Hat,"Hartmann, Bogisich and Thiel",box,Admiratio cernuus nam valde sol contabesco.,2025-06-07 02:31:05
354,1,Bespoke Metal Fish,Kertzmann - Friesen,vial,Super verbum conservo via vehemens aliquam contra damnatio.,2025-04-20 08:33:53
355,3,Ergonomic Silk Mouse,"Kuhn, Satterfield and Walsh",bottle,Labore aer acer adsidue censura amo teneo consuasor accusamus caute.,2025-04-02 19:05:08
356,10,Fantastic Granite Gloves,Turner Inc,bottle,Expedita adiuvo delibero urbs decens tantillus.,2025-06-21 05:19:12
357,6,Ergonomic Steel Sausages,Kihn Inc,vial,Facere tribuo adicio arcesso atrox reprehenderit.,2025-04-07 15:18:04
358,7,Bespoke Bamboo Gloves,Mohr - Dach,box,Neque tepesco atrox ipsam agnosco nobis vapulus.,2025-10-13 02:51:02
359,3,Recycled Metal Sausages,Bogisich - Legros,bottle,Inventore doloribus qui victus allatus approbo subiungo aequus adulatio.,2025-06-04 12:09:15
360,9,,Kunde and Sons,vial,Tabgo uterque territo tempore adulescens temporibus distinctio quibusdam spectaculum volup.,2025-06-19 13:09:13
361,7,Soft Plastic Shirt,Mayert LLC,bottle,Depono ascit caput.,2025-04-27 06:46:01
362,9,Fantastic Bronze Salad,Johnson - Bruen,vial,Copiose triduana capio audio coepi crur.,2025-09-27 10:56:03
363,7,Refined Granite Table,Heidenreich - Schuppe,bottle,Terra tempora victus denique velum cursus caste clam.,2025-08-29 06:29:42
364,6,Licensed Cotton Ball,Hackett - Mante,tablet,Theatrum derideo arcesso angustus totam fugiat conscendo ipsa.,2025-01-26 23:14:37
365,6,Licensed Plastic Tuna,Wiza - Mitchell,bottle,Quae dolor depromo advenio concedo vesica adfero facilis sonitus.,2025-09-28 00:54:22
366,2,Intelligent Plastic Chicken,Littel LLC,box,Soleo dolorum approbo vere qui accedo fuga benigne cruentus.,2025-03-27 23:16:21
367,7,Licensed Bronze Ball,Reichel LLC,box,Deporto venustas subseco assumenda spectaculum dedico dolor.,2025-03-24 18:28:28
368,1,Tasty Granite Bacon,"Aufderhar, Abbott and Feil",box,Ante unus cubitum.,2025-04-22 03:02:28
369,9,Intelligent Ceramic Salad,Hilll Group,tablet,Cubitum ratione cervus.,2025-02-10 17:26:18
370,6,Ergonomic Ceramic Chips,Kunde and Sons,tablet,Nam solutio cetera itaque caries conturbo argumentum campana bene.,2025-05-02 04:11:52
371,9,Fantastic Steel Keyboard,Runolfsson - Dietrich,vial,Decumbo utilis advoco assumenda aedificium capio derelinquo deserunt.,2025-02-16 02:16:10
372,1,Unbranded Wooden Fish,Jaskolski - Hilll,box,Conatus volup strenuus.,2025-02-13 00:02:00
373,3,Ergonomic Gold Car,Kohler - Ankunding,vial,Mollitia conculco deficio.,2025-12-21 00:24:36
374,8,Rustic Cotton Chicken,"Bechtelar, Brakus and Luettgen",box,Apud trepide adeo aequus cetera demo adhaero cumque sperno.,2025-03-15 11:34:15
375,7,Oriental Cotton Pants,"Weissnat, Hane and Roob",vial,Thema video carcer textilis congregatio textor tertius cognomen aro.,2025-05-07 03:05:06
376,6,Handcrafted Aluminum Ball,Grant Group,bottle,Claudeo voro et animadverto.,2025-02-26 18:57:20
377,4,Tasty Granite Soap,Beer - Smitham,tablet,Deputo vigilo canto barba desidero cometes cresco.,2025-08-03 07:01:02
378,3,Modern Bamboo Hat,"Batz, Lang and Parisian",tablet,Tabernus solus cunctatio vigilo cibo.,2026-01-12 00:23:46
379,1,Soft Concrete Keyboard,Fahey - Swift,bottle,Teres cur reprehenderit cito cupio avaritia tredecim.,2025-11-23 20:01:43
380,7,Gorgeous Metal Computer,"MacGyver, Greenfelder and Nicolas",box,Nobis temperantia cavus vestrum amet compello civitas credo vado vociferor.,2025-02-16 21:09:37
381,2,Sleek Bronze Hat,Turner - Jast,bottle,Aliquid amo communis volo.,2025-09-10 23:30:58
382,7,Rustic Rubber Sausages,Russel Group,tablet,Ter adflicto stipes tribuo absens id aegrus ulterius suscipit.,2026-01-19 08:12:04
383,4,Modern Marble Computer,Cummings and Sons,bottle,Vivo comprehendo utpote arbustum desidero.,2025-07-30 11:53:26
384,8,Fantastic Steel Pants,Abbott - Parisian,tablet,Autem aptus terreo sordeo eos cicuta.,2025-02-04 22:57:47
385,7,Practical Concrete Hat,"Volkman, Mosciski and Ratke",box,Bardus thalassinus ter volutabrum textus ara contigo antiquus tracto omnis.,2025-01-24 03:45:11
386,6,Fresh Rubber Sausages,"Abbott, Schumm and Hamill",tablet,Saepe dolore crapula inflammatio aliquid statim.,2025-04-24 01:47:29
387,5,Unbranded Silk Ball,"Sporer, Kovacek and Runolfsdottir",bottle,Alii viscus arx artificiose voluptatum eveniet exercitationem.,2025-11-10 13:54:38
388,5,Generic Ceramic Shirt,"Hegmann, Wintheiser and Stiedemann",tablet,Bestia centum cur theatrum vulnus.,2025-08-06 04:23:05
389,2,Ergonomic Marble Shoes,Windler Group,vial,Eveniet varietas dolorum quae.,2025-09-18 18:12:44
390,3,Small Wooden Chicken,Frami - Feest,vial,Inventore claro curtus arbor cohibeo textor cultura.,2025-07-09 15:50:22
391,1,Fantastic Wooden Mouse,Denesik - Waters,tablet,Censura vacuus tubineus vinculum crur creber voluptatum crux decumbo.,2025-05-27 06:45:50
392,3,Handmade Rubber Car,McClure LLC,bottle,Repellat coerceo suasoria tergiversatio tam.,2025-04-02 13:16:01
393,9,,"Kuhn, Prohaska and Mitchell",certe,Vociferor aliquid civis desidero.,2025-10-29 17:12:14
394,7,Gorgeous Steel Salad,Breitenberg Inc,vial,Ambulo vicissitudo cornu.,2026-01-02 12:44:10
395,7,Refined Metal Computer,"Haag, Thompson and Olson",vial,Ulterius caries admitto aliqua.,2025-06-01 03:18:18
396,5,Awesome Gold Ball,"Strosin, Armstrong and Schulist",box,Venio velum modi circumvenio censura.,2025-12-22 03:24:40
397,3,Recycled Ceramic Table,"Schuppe, Tremblay and Armstrong",box,Caries decumbo defetiscor adversus centum.,2025-11-21 07:46:56
398,3,Modern Metal Hat,"Hickle, Muller and Yundt",vial,Vomito deserunt tenax trans alioqui adsuesco.,2025-04-10 01:41:01
399,10,Electronic Marble Sausages,Kuhlman - Metz,tablet,Aperiam carbo curo curriculum explicabo expedita nesciunt.,2025-03-14 16:14:12
400,3,Soft Concrete Bike,Prohaska LLC,tablet,Subvenio cupiditate voluptatem aer theatrum aegrotatio id absens.,2025-05-05 14:15:02
401,10,Bespoke Bamboo Keyboard,Bauch - Spencer,box,Xiphias decipio cubicularis careo unde inventore numquam tonsor tempore.,2025-04-07 01:05:18
402,3,Incredible Marble Ball,Gutmann LLC,tablet,Ambulo ventito vos argumentum abbas catena concedo uter adversus velociter.,2025-09-03 15:16:34
403,8,Handmade Wooden Pizza,"Bahringer, Corkery and Jacobs",tablet,Venio decipio admoveo pax taedium templum delectatio trucido.,2025-02-13 20:08:55
404,10,Frozen Bamboo Ball,Emmerich - Windler,bottle,Thesis cursim adiuvo ullus vir argumentum bellum torqueo theologus decor.,2025-04-14 12:34:35
405,8,Generic Concrete Towels,Bode - Lakin,box,Veritas defungo timidus ventito speciosus tero curriculum sufficio adnuo.,2025-03-07 12:42:49
406,10,Gorgeous Granite Sausages,"Swift, Stark and Pfeffer",bottle,Ducimus alienus clementia dignissimos cohaero nisi crepusculum sumo.,2025-12-19 06:50:49
407,8,Sleek Marble Towels,Swaniawski - Schulist,bottle,Adopto caecus tot amo cursus suspendo subito demo calco.,2025-11-26 22:40:19
408,4,Unbranded Concrete Keyboard,"Hessel, Nikolaus and Bauch",box,Totus subnecto vulpes decerno appositus voluptas stultus minima chirographum carbo.,2026-01-15 13:50:49
409,5,Luxurious Ceramic Bacon,"Padberg, Pacocha and Walter",tablet,Cenaculum ex claro turba terreo cubo anser.,2025-01-23 17:36:05
410,6,Electronic Plastic Sausages,Ruecker - Marvin,bottle,Alveus desolo creber spero solitudo quisquam truculenter defendo.,2025-11-06 20:55:56
411,3,Rustic Metal Bike,Dare LLC,box,Conspergo paens solutio desipio tenuis contigo dolorum voro temeritas tempora.,2025-06-09 09:14:54
412,2,Incredible Aluminum Soap,"Stanton, Doyle and Stracke",bottle,Magnam assumenda ubi veniam earum.,2025-01-29 23:27:47
413,6,Awesome Bronze Cheese,Johns - Stehr,vial,Apparatus sonitus tendo coma.,2025-04-30 11:38:22
414,5,Gorgeous Bamboo Car,Schowalter - Hartmann,vial,Cuius creo hic thesis ulterius aliqua sollers cupiditas deporto cibus.,2025-08-31 19:22:12
415,5,Luxurious Cotton Tuna,Thompson LLC,box,Amplus sonitus arcesso defetiscor comminor cuius sui stipes distinctio veritatis.,2025-02-03 07:54:37
416,3,Luxurious Silk Chips,Prohaska and Sons,tablet,Crepusculum demo accusamus victus crur collum.,2025-12-11 18:53:43
417,4,Frozen Aluminum Soap,"Sawayn, Halvorson and Tillman",vial,Aurum ipsam clarus catena benigne arguo assumenda debeo stips.,2025-06-05 08:39:18
418,1,Gorgeous Bamboo Fish,"Lemke, Nienow and Mohr",bottle,Cibus correptius torqueo cuius cohors socius tenetur.,2025-03-02 23:40:02
419,10,Bespoke Marble Towels,"Ondricka, Swift and Vandervort",box,Dolor appositus paens theca.,2025-09-19 17:30:20
420,7,Bespoke Bronze Salad,"Wolf, Satterfield and Price",box,Tenuis civis vilitas.,2025-05-20 06:25:23
421,7,Handcrafted Metal Mouse,Effertz Group,tablet,Tergo facere praesentium ullam pel aiunt.,2025-03-18 05:05:46
422,9,Elegant Cotton Pants,"Lindgren, Hoppe and Miller",bottle,Cumque veniam verus.,2025-02-01 01:55:24
423,10,Incredible Marble Pizza,"Harris, Bednar and Morissette",tablet,Cedo sequi tabgo aeternus timidus.,2025-09-23 08:28:57
424,3,Handcrafted Cotton Keyboard,Tillman - Welch,box,Vel vinco stips aequus.,2025-02-03 05:18:20
425,1,Tasty Steel Cheese,Cruickshank - Boyer,vial,Tredecim utrimque tantum ullam victoria.,2025-06-13 00:49:21
426,1,Recycled Aluminum Towels,"Miller, Homenick and Grant",bottle,Censura textor spes abbas tabella summa nobis virtus vinculum.,2025-03-16 14:54:03
427,8,Oriental Granite Cheese,"Roob, Mraz and Stokes",box,Crapula curso crinis aliquam.,2025-08-19 08:41:03
428,7,Practical Silk Car,Pfeffer Group,tablet,Adhuc vulnero ab molestiae adficio.,2025-04-12 11:58:54
429,10,Modern Gold Sausages,Klocko LLC,bottle,Asper vilicus creptio verumtamen aetas.,2025-09-13 14:35:46
430,5,Licensed Wooden Cheese,"Dibbert, Littel and Thompson",vial,Arca ulciscor tripudio usitas suscipit laboriosam.,2025-02-05 23:40:19
431,3,Practical Plastic Chair,Jones - Hirthe,vial,Nihil currus volup talio tibi cauda arguo thesaurus spiritus aliqua.,2025-10-28 18:38:10
432,4,Refined Granite Keyboard,Schaden - Schultz,tablet,Creta itaque absum aperte aliqua.,2025-05-05 13:32:50
433,8,Fresh Bamboo Chips,"Littel, Howell and Aufderhar",box,Balbus vapulus torrens sed careo valens cum capitulus corporis.,2025-04-19 17:57:06
434,7,Tasty Wooden Pizza,"Powlowski, Ondricka and Deckow",vial,Tricesimus desparatus solum vix.,2025-08-19 22:27:16
435,3,Sleek Concrete Salad,"O'Reilly, Hoeger and Keeling",box,Brevis compello terebro.,2025-02-13 03:35:18
436,7,Electronic Steel Mouse,"Boehm, Rohan and Nitzsche",bottle,In inflammatio terror copia surgo talis crebro defendo comparo.,2025-04-27 21:10:15
437,1,Oriental Ceramic Chips,"Doyle, Kemmer and Cummings",tablet,Tego vere adsum venustas suadeo comminor.,2025-04-06 23:57:21
438,4,Luxurious Rubber Hat,Bernier - Kuphal,tablet,Tantillus dens vociferor varius.,2025-12-18 10:17:35
439,3,Practical Silk Salad,Langosh Inc,box,Allatus cubitum defleo stips surgo triduana.,2025-03-16 00:43:27
440,2,Small Steel Salad,Funk - Metz,vial,Damnatio aeternus acer caelum.,2025-07-04 03:37:30
441,3,Awesome Concrete Chair,Walker LLC,vial,Ea antea patrocinor barba cavus accusamus eos acsi.,2025-02-12 06:48:39
442,4,Frozen Bronze Hat,Cassin - Collins,bottle,Accommodo voluptate curiositas calco adulescens adopto eos nobis defetiscor.,2025-01-31 03:08:25
443,8,Handmade Aluminum Ball,Powlowski LLC,bottle,Carcer alo officia.,2026-01-11 23:16:43
444,3,Generic Rubber Bacon,Crist - Bogan,bottle,Tener damnatio una.,2025-09-13 05:38:07
445,8,Luxurious Bamboo Salad,Huels - Prosacco,vial,Ulciscor vobis attollo asper ustilo aperio celer.,2025-08-29 04:39:15
446,2,Intelligent Steel Pizza,Von and Sons,box,Vinum ulterius aeternus curis triumphus tristis deserunt.,2026-01-03 11:35:58
447,8,Gorgeous Marble Hat,Kerluke - Leuschke,box,Acer deporto vesper peccatus vinum asper theatrum vigilo vesper.,2025-05-10 02:21:22
448,5,Oriental Marble Bike,Baumbach and Sons,vial,Coadunatio ubi videlicet thymum.,2025-10-31 18:51:15
449,8,Bespoke Ceramic Tuna,Toy - Abbott,bottle,Alveus tubineus testimonium.,2025-08-21 02:49:07
450,4,Sleek Gold Towels,Renner - Ferry,bottle,Tego sollicito tricesimus solus adfectus inflammatio supra vix minima vero.,2025-02-23 22:47:08
451,5,Licensed Metal Computer,"Larkin, Johnston and Olson",vial,Valeo ratione celo verbera patria incidunt delicate.,2025-05-28 02:07:08
452,10,Handcrafted Steel Bacon,Jerde Group,bottle,Contego vos aspicio canis cursim corrigo conculco certe cum valetudo.,2025-05-06 17:05:30
453,2,Fantastic Ceramic Shirt,Pfeffer - Quitzon,bottle,Tui corrupti caelum cursus doloremque tego adimpleo.,2025-11-27 21:10:27
454,4,Tasty Silk Shirt,"Hauck, Legros and Hauck",box,Sint cultellus stillicidium tempore synagoga vorago abstergo arx amitto.,2025-03-08 09:00:12
455,1,Fresh Marble Bike,Hills Inc,tablet,Arbustum vomer argentum subiungo alias vix incidunt desolo eos qui.,2025-07-16 21:01:10
456,4,Luxurious Wooden Pizza,"Roob, Fay and Kilback",bottle,Tabernus blandior infit.,2025-03-23 04:52:27
457,7,Practical Concrete Soap,Raynor - Thompson,bottle,Caecus ultio volutabrum cupiditate surculus.,2025-07-17 12:26:00
458,4,Incredible Bronze Computer,"Prosacco, Nienow and Bayer",tablet,Tergiversatio adeo vitium delicate possimus spiculum decerno desipio.,2025-03-13 08:40:44
459,1,Recycled Concrete Cheese,Ankunding Inc,box,Dolores curtus bis sui nostrum voluptate.,2025-05-14 10:50:44
460,2,Generic Plastic Hat,"Schuppe, Predovic and Cassin",box,Blandior ultio calcar aveho minus.,2025-09-30 00:04:04
461,9,Incredible Metal Mouse,Miller and Sons,bottle,Conturbo aurum pel vallum aer ademptio omnis cultellus.,2025-05-03 13:43:40
462,9,Modern Gold Computer,"Monahan, Borer and Nitzsche",bottle,Aedificium sequi assentator cattus curatio fuga deficio.,2025-05-19 17:01:03
463,7,Fantastic Granite Pants,Cassin - Connelly,box,Terebro aro vomer.,2025-03-18 18:31:52
464,6,Luxurious Ceramic Pizza,Brakus - Cormier,bottle,Facere denuncio conduco occaecati amissio alveus traho.,2025-05-22 04:59:55
465,7,Tasty Granite Chips,"Kris, Glover and Conn",bottle,Adipisci conduco patrocinor tribuo cruciamentum arceo somnus.,2025-07-05 23:27:46
466,3,Oriental Concrete Computer,Lebsack Group,bottle,Inflammatio patruus arbor depraedor expedita civis alias deporto cognomen decor.,2025-12-21 08:10:50
467,8,Awesome Ceramic Towels,Von Group,bottle,Abbas creber audeo beatus dens conqueror adeo vinco armarium quis.,2025-10-26 10:09:00
468,3,Fantastic Granite Bacon,"Larson, Casper and Bogan",tablet,Adulatio thymbra artificiose adduco.,2025-01-29 16:36:49
469,5,Luxurious Ceramic Keyboard,Borer - Pollich,vial,Centum summopere bardus bibo.,2025-12-31 00:17:16
470,7,Generic Steel Mouse,Kuhic Group,bottle,Capto cattus maiores cupio possimus.,2025-12-07 14:48:19
471,1,Sleek Silk Sausages,Marvin - Mohr,box,Casso infit temeritas aestus ocer apostolus cupressus colligo.,2025-09-24 22:12:36
472,6,Fantastic Silk Car,"Torp, Yost and Senger",tablet,Temporibus distinctio vinitor atavus.,2025-10-23 06:54:26
473,2,Gorgeous Wooden Sausages,"Lesch, Jacobson and McLaughlin",vial,Facilis tonsor conqueror charisma eaque decens vestrum.,2025-01-22 01:27:20
474,8,Soft Bamboo Keyboard,Cremin - Mraz,box,Tredecim aperte aegrotatio tamen sed vitium odio.,2025-12-18 22:01:25
475,8,Handmade Aluminum Computer,"MacGyver, Ullrich and Goodwin",vial,Coma provident cohors turpis cribro statua totidem tergo cursus crastinus.,2025-08-05 00:25:10
476,9,Awesome Bronze Ball,Mohr - Toy,vial,Confero vomica abduco sustineo vinitor debitis.,2025-03-06 13:03:51
477,6,Handmade Granite Chicken,"Shanahan, Lehner and Murazik",tablet,Nam cupiditas abduco statua.,2025-02-26 02:45:38
478,2,Tasty Plastic Cheese,"Legros, Orn and Green",vial,Causa aequitas theatrum.,2025-07-13 19:39:42
479,4,Intelligent Concrete Sausages,Willms - Franecki,tablet,Vulgus coerceo virgo.,2025-12-26 15:10:50
480,4,Handcrafted Aluminum Computer,Friesen - Wolff,bottle,Adeptio adipisci conatus tutamen tempus traho acerbitas odit casus acervus.,2025-10-18 20:58:14
481,4,Ergonomic Rubber Ball,Blick - Larkin,bottle,Arca caelestis subito talio confero vitae sed veniam vicinus acies.,2025-10-08 07:06:12
482,6,Ergonomic Bronze Soap,Paucek Group,box,Vito utpote concedo porro abstergo ulterius nobis.,2025-04-09 08:38:58
483,6,Rustic Plastic Ball,Rowe Inc,tablet,Calculus deorsum arguo bellum temptatio stipes arbitro delego.,2025-02-26 09:16:55
484,2,Awesome Aluminum Towels,"Kuvalis, Wisoky and Huel",box,Conturbo ventito adduco unde voro.,2025-06-05 18:17:15
485,8,Recycled Steel Chips,"Rowe, Jast and Brakus",vial,Pauper alveus cupiditas aliquam statua demulceo aegrotatio suadeo quaerat.,2025-10-24 18:34:40
486,2,Sleek Marble Fish,"Batz, Grimes and Rodriguez",vial,Est summisse taceo maxime alter vado.,2025-04-16 02:18:43
487,2,Modern Bronze Salad,Howell LLC,bottle,Similique vivo aqua officiis sodalitas blandior minus cado defetiscor.,2025-02-19 15:54:02
488,9,Ergonomic Bamboo Shirt,Keeling - Barrows,tablet,Sumo aureus super amor coepi assumenda solitudo porro decens omnis.,2025-09-02 06:54:05
489,10,,Haley - Johnson,box,Crastinus officiis illo deduco curatio est cattus terra facilis desparatus.,2025-10-22 13:47:14
490,8,Elegant Steel Car,Trantow - Gleichner,box,Corrigo adopto delicate surculus vester quod illum advenio.,2025-09-19 07:50:27
491,2,Fantastic Concrete Bacon,"Funk, Osinski and Marquardt",vial,Unus tenetur aliqua patruus demonstro derideo utpote reiciendis.,2025-06-10 14:17:28
492,7,Electronic Concrete Pants,Schinner Inc,tablet,Porro nemo strenuus corpus deleo thymbra tergum artificiose aestivus.,2026-01-17 23:58:43
493,9,Luxurious Wooden Towels,Cassin LLC,tablet,Capillus teneo utor voro consuasor vero minus.,2025-03-16 02:05:07
494,6,Frozen Granite Hat,Wintheiser - Farrell,vial,Vorago tabernus coepi culpo tamen voluptatem.,2025-03-04 17:59:45
495,7,Gorgeous Concrete Keyboard,Kovacek LLC,vial,Arma asporto constans astrum.,2025-07-27 04:27:28
496,9,Recycled Wooden Chicken,Kreiger and Sons,box,Bis creta vinitor vehemens suppellex magnam corrupti voluptatibus inventore.,2025-02-25 13:07:23
497,6,,Lubowitz LLC,box,Temporibus vallum velit volubilis repellat tracto uredo sed substantia ascisco.,2025-05-23 04:32:31
498,4,Recycled Aluminum Shirt,Torphy and Sons,bottle,Nulla depraedor virtus nesciunt thorax.,2025-11-03 13:58:22
499,7,Intelligent Cotton Keyboard,"Cummings, Friesen and Schultz",bottle,Suggero sordeo terminatio dicta color demum currus.,2025-03-25 18:09:49
500,1,Awesome Ceramic Tuna,Emard Inc,tablet,Vivo peior turba.,2025-11-09 08:02:51
